Car_Finder.bky,mutation,2,component_type,Button,instance_name,Remeber,event_name,Click
Car_Finder.bky,field,2,name,COMPONENT_SELECTOR
Car_Finder.bky,mutation,4,component_type,Label,set_or_get,set,property_name,Text,is_generic,false,instance_name,RemAdd
Car_Finder.bky,field,4,name,COMPONENT_SELECTOR
Car_Finder.bky,field,4,name,PROP
Car_Finder.bky,mutation,6,component_type,LocationSensor,set_or_get,get,property_name,CurrentAddress,is_generic,false,instance_name,LocationSensor1
Car_Finder.bky,field,6,name,COMPONENT_SELECTOR
Car_Finder.bky,field,6,name,PROP
Car_Finder.bky,block,5,type,component_set_get,id,26
Car_Finder.bky,value,4,name,VALUE
Car_Finder.bky,mutation,6,component_type,Label,set_or_get,set,property_name,Text,is_generic,false,instance_name,RemLat
Car_Finder.bky,field,6,name,COMPONENT_SELECTOR
Car_Finder.bky,field,6,name,PROP
Car_Finder.bky,mutation,8,component_type,LocationSensor,set_or_get,get,property_name,Latitude,is_generic,false,instance_name,LocationSensor1
Car_Finder.bky,field,8,name,COMPONENT_SELECTOR
Car_Finder.bky,field,8,name,PROP
Car_Finder.bky,block,7,type,component_set_get,id,28
Car_Finder.bky,value,6,name,VALUE
Car_Finder.bky,mutation,8,component_type,Label,set_or_get,set,property_name,Text,is_generic,false,instance_name,RemLong
Car_Finder.bky,field,8,name,COMPONENT_SELECTOR
Car_Finder.bky,field,8,name,PROP
Car_Finder.bky,mutation,10,component_type,LocationSensor,set_or_get,get,property_name,Longitude,is_generic,false,instance_name,LocationSensor1
Car_Finder.bky,field,10,name,COMPONENT_SELECTOR
Car_Finder.bky,field,10,name,PROP
Car_Finder.bky,block,9,type,component_set_get,id,30
Car_Finder.bky,value,8,name,VALUE
Car_Finder.bky,mutation,10,component_type,Button,set_or_get,set,property_name,Enabled,is_generic,false,instance_name,Dir_Butt
Car_Finder.bky,field,10,name,COMPONENT_SELECTOR
Car_Finder.bky,field,10,name,PROP
Car_Finder.bky,field,12,name,BOOL
Car_Finder.bky,block,11,type,logic_boolean,id,32
Car_Finder.bky,value,10,name,VALUE
Car_Finder.bky,mutation,12,component_type,TinyDB,method_name,StoreValue,is_generic,false,instance_name,TinyDB1
Car_Finder.bky,field,12,name,COMPONENT_SELECTOR
Car_Finder.bky,field,14,name,TEXT
Car_Finder.bky,block,13,type,text,id,34
Car_Finder.bky,value,12,name,ARG0
Car_Finder.bky,mutation,14,component_type,LocationSensor,set_or_get,get,property_name,CurrentAddress,is_generic,false,instance_name,LocationSensor1
Car_Finder.bky,field,14,name,COMPONENT_SELECTOR
Car_Finder.bky,field,14,name,PROP
Car_Finder.bky,block,13,type,component_set_get,id,35
Car_Finder.bky,value,12,name,ARG1
Car_Finder.bky,mutation,14,component_type,TinyDB,method_name,StoreValue,is_generic,false,instance_name,TinyDB1
Car_Finder.bky,field,14,name,COMPONENT_SELECTOR
Car_Finder.bky,field,16,name,TEXT
Car_Finder.bky,block,15,type,text,id,37
Car_Finder.bky,value,14,name,ARG0
Car_Finder.bky,mutation,16,component_type,LocationSensor,set_or_get,get,property_name,Latitude,is_generic,false,instance_name,LocationSensor1
Car_Finder.bky,field,16,name,COMPONENT_SELECTOR
Car_Finder.bky,field,16,name,PROP
Car_Finder.bky,block,15,type,component_set_get,id,38
Car_Finder.bky,value,14,name,ARG1
Car_Finder.bky,mutation,16,component_type,TinyDB,method_name,StoreValue,is_generic,false,instance_name,TinyDB1
Car_Finder.bky,field,16,name,COMPONENT_SELECTOR
Car_Finder.bky,field,18,name,TEXT
Car_Finder.bky,block,17,type,text,id,40
Car_Finder.bky,value,16,name,ARG0
Car_Finder.bky,mutation,18,component_type,LocationSensor,set_or_get,get,property_name,Longitude,is_generic,false,instance_name,LocationSensor1
Car_Finder.bky,field,18,name,COMPONENT_SELECTOR
Car_Finder.bky,field,18,name,PROP
Car_Finder.bky,block,17,type,component_set_get,id,41
Car_Finder.bky,value,16,name,ARG1
Car_Finder.bky,block,15,type,component_method,id,39,inline,false
Car_Finder.bky,next,14
Car_Finder.bky,block,13,type,component_method,id,36,inline,false
Car_Finder.bky,next,12
Car_Finder.bky,block,11,type,component_method,id,33,inline,false
Car_Finder.bky,next,10
Car_Finder.bky,block,9,type,component_set_get,id,31,inline,false
Car_Finder.bky,next,8
Car_Finder.bky,block,7,type,component_set_get,id,29,inline,false
Car_Finder.bky,next,6
Car_Finder.bky,block,5,type,component_set_get,id,27,inline,false
Car_Finder.bky,next,4
Car_Finder.bky,block,3,type,component_set_get,id,25,inline,false
Car_Finder.bky,statement,2,name,DO
Car_Finder.bky,block,1,type,component_event,id,24,x,1303,y,-21
Car_Finder.bky,mutation,2,component_type,LocationSensor,instance_name,LocationSensor1,event_name,LocationChanged
Car_Finder.bky,field,2,name,COMPONENT_SELECTOR
Car_Finder.bky,mutation,4,component_type,Label,set_or_get,set,property_name,Text,is_generic,false,instance_name,Curr_Add
Car_Finder.bky,field,4,name,COMPONENT_SELECTOR
Car_Finder.bky,field,4,name,PROP
Car_Finder.bky,mutation,6,component_type,LocationSensor,set_or_get,get,property_name,CurrentAddress,is_generic,false,instance_name,LocationSensor1
Car_Finder.bky,field,6,name,COMPONENT_SELECTOR
Car_Finder.bky,field,6,name,PROP
Car_Finder.bky,block,5,type,component_set_get,id,15
Car_Finder.bky,value,4,name,VALUE
Car_Finder.bky,mutation,6,component_type,Label,set_or_get,set,property_name,Text,is_generic,false,instance_name,CurrLat
Car_Finder.bky,field,6,name,COMPONENT_SELECTOR
Car_Finder.bky,field,6,name,PROP
Car_Finder.bky,eventparam,9,name,latitude
Car_Finder.bky,mutation,8
Car_Finder.bky,field,8,name,VAR
Car_Finder.bky,block,7,type,lexical_variable_get,id,17
Car_Finder.bky,value,6,name,VALUE
Car_Finder.bky,mutation,8,component_type,Label,set_or_get,set,property_name,Text,is_generic,false,instance_name,C_long
Car_Finder.bky,field,8,name,COMPONENT_SELECTOR
Car_Finder.bky,field,8,name,PROP
Car_Finder.bky,eventparam,11,name,longitude
Car_Finder.bky,mutation,10
Car_Finder.bky,field,10,name,VAR
Car_Finder.bky,block,9,type,lexical_variable_get,id,19
Car_Finder.bky,value,8,name,VALUE
Car_Finder.bky,mutation,10,component_type,Button,set_or_get,set,property_name,Enabled,is_generic,false,instance_name,Dir_Butt
Car_Finder.bky,field,10,name,COMPONENT_SELECTOR
Car_Finder.bky,field,10,name,PROP
Car_Finder.bky,field,12,name,BOOL
Car_Finder.bky,block,11,type,logic_boolean,id,21
Car_Finder.bky,value,10,name,VALUE
Car_Finder.bky,block,9,type,component_set_get,id,20,inline,false
Car_Finder.bky,next,8
Car_Finder.bky,block,7,type,component_set_get,id,18,inline,false
Car_Finder.bky,next,6
Car_Finder.bky,block,5,type,component_set_get,id,16,inline,false
Car_Finder.bky,next,4
Car_Finder.bky,block,3,type,component_set_get,id,14,inline,false
Car_Finder.bky,statement,2,name,DO
Car_Finder.bky,block,1,type,component_event,id,13,x,1949,y,-6
Car_Finder.bky,field,2,name,NAME
Car_Finder.bky,field,4,name,TEXT
Car_Finder.bky,block,3,type,text,id,"jaI}}KWm]5xH!c1f*%,Z"
Car_Finder.bky,value,2,name,VALUE
Car_Finder.bky,block,1,type,global_declaration,id,"gu5cM6Sr,k^hM|GLfai%",inline,false,x,1894,y,265
Car_Finder.bky,mutation,2,component_type,Button,instance_name,Dir_Butt,event_name,Click
Car_Finder.bky,field,2,name,COMPONENT_SELECTOR
Car_Finder.bky,mutation,4,component_type,ActivityStarter,set_or_get,set,property_name,DataUri,is_generic,false,instance_name,ActivityStarter1
Car_Finder.bky,field,4,name,COMPONENT_SELECTOR
Car_Finder.bky,field,4,name,PROP
Car_Finder.bky,mutation,6,items,8
Car_Finder.bky,field,8,name,TEXT
Car_Finder.bky,block,7,type,text,id,[4%nAXHeKcqxZslyk?`=
Car_Finder.bky,value,6,name,ADD0
Car_Finder.bky,mutation,8,component_type,Label,set_or_get,get,property_name,Text,is_generic,false,instance_name,CurrLat
Car_Finder.bky,field,8,name,COMPONENT_SELECTOR
Car_Finder.bky,field,8,name,PROP
Car_Finder.bky,block,7,type,component_set_get,id,",{o0^#TTZ{j(ev8}gvqS"
Car_Finder.bky,value,6,name,ADD1
Car_Finder.bky,field,8,name,TEXT
Car_Finder.bky,block,7,type,text,id,"hh01Ka@3Xyx[St1@,X,,"
Car_Finder.bky,value,6,name,ADD2
Car_Finder.bky,mutation,8,component_type,Label,set_or_get,get,property_name,Text,is_generic,false,instance_name,C_long
Car_Finder.bky,field,8,name,COMPONENT_SELECTOR
Car_Finder.bky,field,8,name,PROP
Car_Finder.bky,block,7,type,component_set_get,id,VknPeTKs5$|K05gyQXh1
Car_Finder.bky,value,6,name,ADD3
Car_Finder.bky,field,8,name,TEXT
Car_Finder.bky,block,7,type,text,id,+XR!ch]V5SS+g_P=|Qw/
Car_Finder.bky,value,6,name,ADD4
Car_Finder.bky,mutation,8,component_type,Label,set_or_get,get,property_name,Text,is_generic,false,instance_name,RemLat
Car_Finder.bky,field,8,name,COMPONENT_SELECTOR
Car_Finder.bky,field,8,name,PROP
Car_Finder.bky,block,7,type,component_set_get,id,AgbGYrbC0UrTD1)[nRZ]
Car_Finder.bky,value,6,name,ADD5
Car_Finder.bky,field,8,name,TEXT
Car_Finder.bky,block,7,type,text,id,/dj:?hx4G^s$?}yA(d9Z
Car_Finder.bky,value,6,name,ADD6
Car_Finder.bky,mutation,8,component_type,Label,set_or_get,get,property_name,Text,is_generic,false,instance_name,RemLong
Car_Finder.bky,field,8,name,COMPONENT_SELECTOR
Car_Finder.bky,field,8,name,PROP
Car_Finder.bky,block,7,type,component_set_get,id,[GfP1~gA+;1ngn3M(/L8
Car_Finder.bky,value,6,name,ADD7
Car_Finder.bky,block,5,type,text_join,id,bQ|Nd0wy#/CQB!P{$;J+,inline,false
Car_Finder.bky,value,4,name,VALUE
Car_Finder.bky,mutation,6,component_type,ActivityStarter,method_name,StartActivity,is_generic,false,instance_name,ActivityStarter1
Car_Finder.bky,field,6,name,COMPONENT_SELECTOR
Car_Finder.bky,block,5,type,component_method,id,M5HXl0!CvJ0u6u1o-m9D
Car_Finder.bky,next,4
Car_Finder.bky,block,3,type,component_set_get,id,43OjxuKd4^;L)Bbfh5a?,inline,false
Car_Finder.bky,statement,2,name,DO
Car_Finder.bky,block,1,type,component_event,id,b=]9S8!KP=q]$nJTU?.*,x,2070,y,350
Car_Finder.bky,mutation,2,component_type,Form,instance_name,Car_Finder,event_name,Initialize
Car_Finder.bky,field,2,name,COMPONENT_SELECTOR
Car_Finder.bky,field,4,name,VAR
Car_Finder.bky,mutation,6,component_type,TinyDB,method_name,GetValue,is_generic,false,instance_name,TinyDB1
Car_Finder.bky,field,6,name,COMPONENT_SELECTOR
Car_Finder.bky,field,8,name,TEXT
Car_Finder.bky,block,7,type,text,id,ooLR-Kn]D#b(+k.ivwAY
Car_Finder.bky,value,6,name,ARG0
Car_Finder.bky,field,8,name,TEXT
Car_Finder.bky,block,7,type,text,id,73f*.Q;~*gvxaSqs-9MO
Car_Finder.bky,value,6,name,ARG1
Car_Finder.bky,block,5,type,component_method,id,Y3n#i$1b=5b7xs/():Cj,inline,false
Car_Finder.bky,value,4,name,VALUE
Car_Finder.bky,field,8,name,OP
Car_Finder.bky,field,12,name,VAR
Car_Finder.bky,block,11,type,lexical_variable_get,id,${3Mbvf/{lF46qvtSz3P
Car_Finder.bky,value,10,name,VALUE
Car_Finder.bky,block,9,type,text_length,id,{OC(9Ij!7]AAczn7Uy)L,inline,false
Car_Finder.bky,value,8,name,A
Car_Finder.bky,field,10,name,NUM
Car_Finder.bky,block,9,type,math_number,id,mBTw8m3wpyhn]KdHSMjs
Car_Finder.bky,value,8,name,B
Car_Finder.bky,block,7,type,math_compare,id,"s[zn@dyy@(9t-1;7Q,8]"
Car_Finder.bky,value,6,name,IF0
Car_Finder.bky,mutation,8,component_type,Label,set_or_get,set,property_name,Text,is_generic,false,instance_name,Curr_Add
Car_Finder.bky,field,8,name,COMPONENT_SELECTOR
Car_Finder.bky,field,8,name,PROP
Car_Finder.bky,field,10,name,VAR
Car_Finder.bky,block,9,type,lexical_variable_get,id,VcDYtCXN6n9[[4)o}n[_
Car_Finder.bky,value,8,name,VALUE
Car_Finder.bky,mutation,10,component_type,Label,set_or_get,set,property_name,Text,is_generic,false,instance_name,RemLat
Car_Finder.bky,field,10,name,COMPONENT_SELECTOR
Car_Finder.bky,field,10,name,PROP
Car_Finder.bky,mutation,12,component_type,TinyDB,method_name,GetValue,is_generic,false,instance_name,TinyDB1
Car_Finder.bky,field,12,name,COMPONENT_SELECTOR
Car_Finder.bky,field,14,name,TEXT
Car_Finder.bky,block,13,type,text,id,hu:9Y(R?;0k?rzB_WwmV
Car_Finder.bky,value,12,name,ARG0
Car_Finder.bky,field,14,name,TEXT
Car_Finder.bky,block,13,type,text,id,)#+_9Ho5dfk$8c=2bu$2
Car_Finder.bky,value,12,name,ARG1
Car_Finder.bky,block,11,type,component_method,id,PuyD-MWIazbCX!XA4{2P,inline,false
Car_Finder.bky,value,10,name,VALUE
Car_Finder.bky,mutation,12,component_type,Label,set_or_get,set,property_name,Text,is_generic,false,instance_name,RemLong
Car_Finder.bky,field,12,name,COMPONENT_SELECTOR
Car_Finder.bky,field,12,name,PROP
Car_Finder.bky,mutation,14,component_type,TinyDB,method_name,GetValue,is_generic,false,instance_name,TinyDB1
Car_Finder.bky,field,14,name,COMPONENT_SELECTOR
Car_Finder.bky,field,16,name,TEXT
Car_Finder.bky,block,15,type,text,id,gwDoC9LNailzn2gtuKA1
Car_Finder.bky,value,14,name,ARG0
Car_Finder.bky,field,16,name,TEXT
Car_Finder.bky,block,15,type,text,id,CYh!?G~7BfCLwfLi-Cj%
Car_Finder.bky,value,14,name,ARG1
Car_Finder.bky,block,13,type,component_method,id,D8pcg9?gSn9;MnHu0=5),inline,false
Car_Finder.bky,value,12,name,VALUE
Car_Finder.bky,mutation,14,component_type,Button,set_or_get,set,property_name,Enabled,is_generic,false,instance_name,Dir_Butt
Car_Finder.bky,field,14,name,COMPONENT_SELECTOR
Car_Finder.bky,field,14,name,PROP
Car_Finder.bky,field,16,name,BOOL
Car_Finder.bky,block,15,type,logic_boolean,id,"vxYc!knVNG)%!e,qRfjp"
Car_Finder.bky,value,14,name,VALUE
Car_Finder.bky,block,13,type,component_set_get,id,NPKhlPUo^}b?MMcy}0YC,inline,false
Car_Finder.bky,next,12
Car_Finder.bky,block,11,type,component_set_get,id,=|c+VVN[#TUHS~iYYSrM,inline,false
Car_Finder.bky,next,10
Car_Finder.bky,block,9,type,component_set_get,id,B)v~o#z6|K|/5P..o*Ll,inline,false
Car_Finder.bky,next,8
Car_Finder.bky,block,7,type,component_set_get,id,S3)i::d(n?YH:VtjrPI1,inline,false
Car_Finder.bky,statement,6,name,DO0
Car_Finder.bky,block,5,type,controls_if,id,"x}N?/:-t3N|K5KK,.m%,",inline,false
Car_Finder.bky,next,4
Car_Finder.bky,block,3,type,lexical_variable_set,id,9;rwFf~.g(wX+7kTqsJ],inline,false
Car_Finder.bky,statement,2,name,DO
Car_Finder.bky,block,1,type,component_event,id,3NRr.Vh?.j=G%HjtD`iw,x,1309,y,415
Car_Finder.bky,mutation,2,component_type,Form,instance_name,Car_Finder,event_name,BackPressed
Car_Finder.bky,field,2,name,COMPONENT_SELECTOR
Car_Finder.bky,block,3,type,controls_closeScreen,id,_h#[JxfB3a(WY^WUPzKi
Car_Finder.bky,statement,2,name,DO
Car_Finder.bky,block,1,type,component_event,id,4Hg6BNTQTBsN{fjtIRq`,x,2009,y,906
Car_Finder.bky,mutation,2,component_type,Button,instance_name,Back,event_name,Click
Car_Finder.bky,field,2,name,COMPONENT_SELECTOR
Car_Finder.bky,block,3,type,controls_closeScreen,id,gL:1~jA18!D?LwFJ~vm[
Car_Finder.bky,statement,2,name,DO
Car_Finder.bky,block,1,type,component_event,id,CA@blOz{$o^a^YMTqm`j,x,2388,y,888
Car_Finder.bky,yacodeblocks,1,ya-version,173,language-version,22
Car_Finder.bky,xml,0,xmlns,http://www.w3.org/1999/xhtml
HelpAndSettings.bky,mutation,2,component_type,Button,instance_name,Button1,event_name,Click
HelpAndSettings.bky,field,2,name,COMPONENT_SELECTOR
HelpAndSettings.bky,block,3,type,controls_closeScreen,id,"tRB:N)GwL2Q3VBp,frxB"
HelpAndSettings.bky,statement,2,name,DO
HelpAndSettings.bky,block,1,type,component_event,id,"],S%?2RROp%(BB983nqB",x,-679,y,28
HelpAndSettings.bky,mutation,2,component_type,Form,instance_name,HelpAndSettings,event_name,BackPressed
HelpAndSettings.bky,field,2,name,COMPONENT_SELECTOR
HelpAndSettings.bky,block,3,type,controls_closeScreen,id,_h#[JxfB3a(WY^WUPzKi
HelpAndSettings.bky,statement,2,name,DO
HelpAndSettings.bky,block,1,type,component_event,id,4Hg6BNTQTBsN{fjtIRq`,x,-679,y,117
HelpAndSettings.bky,mutation,2,component_type,Button,instance_name,TutVid,event_name,Click
HelpAndSettings.bky,field,2,name,COMPONENT_SELECTOR
HelpAndSettings.bky,mutation,4,component_type,Notifier,method_name,ShowMessageDialog,is_generic,false,instance_name,Notifier1
HelpAndSettings.bky,field,4,name,COMPONENT_SELECTOR
HelpAndSettings.bky,field,6,name,TEXT
HelpAndSettings.bky,block,5,type,text,id,zQOCY*q?:1_WPv(~-3N0
HelpAndSettings.bky,value,4,name,ARG0
HelpAndSettings.bky,field,6,name,TEXT
HelpAndSettings.bky,block,5,type,text,id,"]@f2V[)XJ~tX*%Cvz,R/"
HelpAndSettings.bky,value,4,name,ARG1
HelpAndSettings.bky,field,6,name,TEXT
HelpAndSettings.bky,block,5,type,text,id,uPuuy)]@tJB8nlz6-`d1
HelpAndSettings.bky,value,4,name,ARG2
HelpAndSettings.bky,block,3,type,component_method,id,*=vm)F+NLFP8@~Hg=T3z
HelpAndSettings.bky,statement,2,name,DO
HelpAndSettings.bky,block,1,type,component_event,id,"YuHRW4]RphJkOX!n0bM,",x,-890,y,190
HelpAndSettings.bky,mutation,2,component_type,ActivityStarter,set_or_get,set,property_name,DataUri,is_generic,false,instance_name,ActivityStarter1
HelpAndSettings.bky,field,2,name,COMPONENT_SELECTOR
HelpAndSettings.bky,field,2,name,PROP
HelpAndSettings.bky,field,4,name,TEXT
HelpAndSettings.bky,block,3,type,text,id,~Hl)Ht~OY_4va)8tiu1$
HelpAndSettings.bky,value,2,name,VALUE
HelpAndSettings.bky,mutation,4,component_type,ActivityStarter,set_or_get,set,property_name,Action,is_generic,false,instance_name,ActivityStarter1
HelpAndSettings.bky,field,4,name,COMPONENT_SELECTOR
HelpAndSettings.bky,field,4,name,PROP
HelpAndSettings.bky,field,6,name,TEXT
HelpAndSettings.bky,block,5,type,text,id,dsrnaOxnZU[]j;J31ww+
HelpAndSettings.bky,value,4,name,VALUE
HelpAndSettings.bky,block,3,type,component_set_get,id,jS~%)Z3]qi|ZoIK{{{=g,disabled,true
HelpAndSettings.bky,next,2
HelpAndSettings.bky,block,1,type,component_set_get,id,aQxc{G#aPd_?(#*}SuX],disabled,true,x,-910,y,370
HelpAndSettings.bky,yacodeblocks,1,ya-version,173,language-version,22
HelpAndSettings.bky,xml,0,xmlns,http://www.w3.org/1999/xhtml
Menu.bky,mutation,2,component_type,Button,instance_name,WeatherButton,event_name,Click
Menu.bky,field,2,name,COMPONENT_SELECTOR
Menu.bky,field,6,name,TEXT
Menu.bky,block,5,type,text,id,_vXDPT7DdaCRWtKfQQ*3
Menu.bky,value,4,name,SCREEN
Menu.bky,block,3,type,controls_openAnotherScreen,id,;VR+]X#.jvdb}9M0of^l
Menu.bky,statement,2,name,DO
Menu.bky,block,1,type,component_event,id,B-7%|QvWN:%+qSzKJ1`#,x,-910,y,330
Menu.bky,mutation,2,component_type,Button,instance_name,Back,event_name,Click
Menu.bky,field,2,name,COMPONENT_SELECTOR
Menu.bky,block,3,type,controls_closeScreen,id,C]5c)M1V)u#Nlh}xe^25
Menu.bky,statement,2,name,DO
Menu.bky,block,1,type,component_event,id,zgmxJRiEN}ZXk)]GVOfE,x,-330,y,350
Menu.bky,mutation,2,component_type,Button,instance_name,FlashTrigger,event_name,Click
Menu.bky,field,2,name,COMPONENT_SELECTOR
Menu.bky,mutation,4,component_type,Notifier,method_name,ShowMessageDialog,is_generic,false,instance_name,Notifier1
Menu.bky,field,4,name,COMPONENT_SELECTOR
Menu.bky,field,6,name,TEXT
Menu.bky,block,5,type,text,id,D(O*rh_+$[EObs@ar6n(
Menu.bky,value,4,name,ARG0
Menu.bky,field,6,name,TEXT
Menu.bky,block,5,type,text,id,"Z}c~M~r^nVa*zf/)I,DT"
Menu.bky,value,4,name,ARG1
Menu.bky,field,6,name,TEXT
Menu.bky,block,5,type,text,id,TnL]zw9m~Q0_8]?hBpIv
Menu.bky,value,4,name,ARG2
Menu.bky,block,3,type,component_method,id,g^#Eafx}5vre+OpzyHAJ
Menu.bky,statement,2,name,DO
Menu.bky,block,1,type,component_event,id,s_br5/Lx733:S`|ns@23,x,-1130,y,410
Menu.bky,mutation,2,component_type,Button,instance_name,LocSaver,event_name,Click
Menu.bky,field,2,name,COMPONENT_SELECTOR
Menu.bky,field,6,name,TEXT
Menu.bky,block,5,type,text,id,[k/.q]xa`R/E+^yP.`hz
Menu.bky,value,4,name,SCREEN
Menu.bky,block,3,type,controls_openAnotherScreen,id,q@|jrG];Ez}?vr4Ki5f=
Menu.bky,statement,2,name,DO
Menu.bky,block,1,type,component_event,id,g#O7L)DnxgLTgK.W~]Dk,x,-70,y,410
Menu.bky,field,4,name,OP
Menu.bky,field,6,name,BOOL
Menu.bky,block,5,type,logic_false,id,"VQdz4,S_g/aCLKfEY|QM"
Menu.bky,value,4,name,B
Menu.bky,block,3,type,logic_compare,id,",SHOi83-ao,EN`3QSz.7"
Menu.bky,value,2,name,IF0
Menu.bky,mutation,4,component_type,Notifier,method_name,ShowAlert,is_generic,false,instance_name,Notifier1
Menu.bky,field,4,name,COMPONENT_SELECTOR
Menu.bky,field,6,name,TEXT
Menu.bky,block,5,type,text,id,t7H%;qF:_)H[VgA]UB#$
Menu.bky,value,4,name,ARG0
Menu.bky,block,3,type,component_method,id,hXY}tkA(FI;E|@D10GOo
Menu.bky,statement,2,name,DO0
Menu.bky,field,6,name,OP
Menu.bky,field,8,name,BOOL
Menu.bky,block,7,type,logic_false,id,xaF$;2)iiV=Zd2kI5G_9
Menu.bky,value,6,name,B
Menu.bky,block,5,type,logic_compare,id,";G,[yWz$5)CpYf*MwctM"
Menu.bky,value,4,name,IF0
Menu.bky,mutation,6,else,1
Menu.bky,field,8,name,OP
Menu.bky,mutation,10,component_type,Button,set_or_get,get,property_name,Image,is_generic,false,instance_name,FlashTrigger
Menu.bky,field,10,name,COMPONENT_SELECTOR
Menu.bky,field,10,name,PROP
Menu.bky,block,9,type,component_set_get,id,G^L1R44KOR=aFN?vm$iK
Menu.bky,value,8,name,A
Menu.bky,field,10,name,TEXT
Menu.bky,block,9,type,text,id,MLpeBZO66Rq$[f0HP7a[
Menu.bky,value,8,name,B
Menu.bky,block,7,type,math_compare,id,"3ZKwto$/3L_PC8b_,b$H"
Menu.bky,value,6,name,IF0
Menu.bky,mutation,8,component_type,Button,set_or_get,set,property_name,Image,is_generic,false,instance_name,FlashTrigger
Menu.bky,field,8,name,COMPONENT_SELECTOR
Menu.bky,field,8,name,PROP
Menu.bky,field,10,name,TEXT
Menu.bky,block,9,type,text,id,=0Xwo;p@O-a+pBalP]k)
Menu.bky,value,8,name,VALUE
Menu.bky,block,7,type,component_set_get,id,OPU}w@Hpkj-Fe+@ElcGy
Menu.bky,statement,6,name,DO0
Menu.bky,mutation,8,component_type,Button,set_or_get,set,property_name,Image,is_generic,false,instance_name,FlashTrigger
Menu.bky,field,8,name,COMPONENT_SELECTOR
Menu.bky,field,8,name,PROP
Menu.bky,field,10,name,TEXT
Menu.bky,block,9,type,text,id,2Qf#g{7ao|]|6jvZuk5)
Menu.bky,value,8,name,VALUE
Menu.bky,block,7,type,component_set_get,id,([A1|rG+I/(w=O(Zy0Y*
Menu.bky,statement,6,name,ELSE
Menu.bky,block,5,type,controls_if,id,??xo~0fJf}J+V-ZuxV;q
Menu.bky,statement,4,name,DO0
Menu.bky,block,3,type,controls_if,id,"@-_@%0$w3C%ESMH:,_:g",disabled,true
Menu.bky,next,2
Menu.bky,block,1,type,controls_if,id,zoN%!~2Cf+so1fbdB}_i,disabled,true,x,-1150,y,530
Menu.bky,mutation,2,component_type,Form,instance_name,Menu,event_name,BackPressed
Menu.bky,field,2,name,COMPONENT_SELECTOR
Menu.bky,block,3,type,controls_closeScreen,id,_h#[JxfB3a(WY^WUPzKi
Menu.bky,statement,2,name,DO
Menu.bky,block,1,type,component_event,id,4Hg6BNTQTBsN{fjtIRq`,x,-70,y,490
Menu.bky,mutation,2,component_type,Button,instance_name,Videos,event_name,Click
Menu.bky,field,2,name,COMPONENT_SELECTOR
Menu.bky,mutation,4,component_type,Notifier,method_name,ShowMessageDialog,is_generic,false,instance_name,Notifier1
Menu.bky,field,4,name,COMPONENT_SELECTOR
Menu.bky,field,6,name,TEXT
Menu.bky,block,5,type,text,id,gx@]p{J!KF0Kt4.hlhLw
Menu.bky,value,4,name,ARG0
Menu.bky,field,6,name,TEXT
Menu.bky,block,5,type,text,id,#t1T+et$_tBaf04JfsKV
Menu.bky,value,4,name,ARG1
Menu.bky,field,6,name,TEXT
Menu.bky,block,5,type,text,id,TvTN!i6fG``e/v#j[g@G
Menu.bky,value,4,name,ARG2
Menu.bky,block,3,type,component_method,id,CD7;NhSx1Sd)B~B5ZMUF
Menu.bky,statement,2,name,DO
Menu.bky,block,1,type,component_event,id,A+MO6hObNF4$wAb0J/Uw,x,-70,y,570
Menu.bky,mutation,2,component_type,ActivityStarter,set_or_get,set,property_name,DataUri,is_generic,false,instance_name,ActivityStarter1
Menu.bky,field,2,name,COMPONENT_SELECTOR
Menu.bky,field,2,name,PROP
Menu.bky,field,4,name,TEXT
Menu.bky,block,3,type,text,id,dRA(n4wp~?9*VKSp%B-N
Menu.bky,value,2,name,VALUE
Menu.bky,mutation,4,component_type,ActivityStarter,set_or_get,set,property_name,Action,is_generic,false,instance_name,ActivityStarter1
Menu.bky,field,4,name,COMPONENT_SELECTOR
Menu.bky,field,4,name,PROP
Menu.bky,field,6,name,TEXT
Menu.bky,block,5,type,text,id,{hd@?%2MRgIZHXb~}V:3
Menu.bky,value,4,name,VALUE
Menu.bky,mutation,6,component_type,ActivityStarter,method_name,StartActivity,is_generic,false,instance_name,ActivityStarter1
Menu.bky,field,6,name,COMPONENT_SELECTOR
Menu.bky,block,5,type,component_method,id,":,UCdbt58N-T,w#6={UU",disabled,true
Menu.bky,next,4
Menu.bky,block,3,type,component_set_get,id,Z$sGv3DfzB6$qYeZaL|q,disabled,true
Menu.bky,next,2
Menu.bky,block,1,type,component_set_get,id,$#kZAUOi$yRE(?)TwRXW,disabled,true,x,-350,y,730
Menu.bky,mutation,2,component_type,TextToSpeech,method_name,Speak,is_generic,false,instance_name,TextToSpeech1
Menu.bky,field,2,name,COMPONENT_SELECTOR
Menu.bky,field,4,name,TEXT
Menu.bky,block,3,type,text,id,"(Dc=z(u4,BNW|R#Fhh2x"
Menu.bky,value,2,name,ARG0
Menu.bky,block,1,type,component_method,id,H5/oEMp]-EV0;9K%R./W,disabled,true,x,-510,y,790
Menu.bky,yacodeblocks,1,ya-version,173,language-version,22
Menu.bky,xml,0,xmlns,http://www.w3.org/1999/xhtml
Screen1.bky,mutation,2,component_type,LocationSensor,instance_name,LocationSensor1,event_name,LocationChanged
Screen1.bky,field,2,name,COMPONENT_SELECTOR
Screen1.bky,comment,2,pinned,false,h,80,w,160
Screen1.bky,field,4,name,VAR
Screen1.bky,mutation,6,component_type,LocationSensor,set_or_get,get,property_name,CurrentAddress,is_generic,false,instance_name,LocationSensor1
Screen1.bky,field,6,name,COMPONENT_SELECTOR
Screen1.bky,field,6,name,PROP
Screen1.bky,block,5,type,component_set_get,id,xjBU;l$;k]`W?8NiTi!7
Screen1.bky,value,4,name,VALUE
Screen1.bky,field,6,name,VAR
Screen1.bky,mutation,8,items,3
Screen1.bky,mutation,10,component_type,LocationSensor,set_or_get,get,property_name,Latitude,is_generic,false,instance_name,LocationSensor1
Screen1.bky,field,10,name,COMPONENT_SELECTOR
Screen1.bky,field,10,name,PROP
Screen1.bky,block,9,type,component_set_get,id,"HGvx4$JLuELpzT,av|vU"
Screen1.bky,value,8,name,ADD0
Screen1.bky,field,10,name,TEXT
Screen1.bky,block,9,type,text,id,Zq|a:aiouHLDw562=7bA
Screen1.bky,value,8,name,ADD1
Screen1.bky,mutation,10,component_type,LocationSensor,set_or_get,get,property_name,Longitude,is_generic,false,instance_name,LocationSensor1
Screen1.bky,field,10,name,COMPONENT_SELECTOR
Screen1.bky,field,10,name,PROP
Screen1.bky,block,9,type,component_set_get,id,:xvleAD+|P4PNMZ$Wc%%
Screen1.bky,value,8,name,ADD2
Screen1.bky,block,7,type,text_join,id,"D(ag5C7w*L6[JNvAtgn,"
Screen1.bky,value,6,name,VALUE
Screen1.bky,mutation,8,component_type,Label,set_or_get,set,property_name,Text,is_generic,false,instance_name,lblLoc
Screen1.bky,field,8,name,COMPONENT_SELECTOR
Screen1.bky,field,8,name,PROP
Screen1.bky,field,10,name,VAR
Screen1.bky,block,9,type,lexical_variable_get,id,(s~ysAouL-Cmye|dRor=
Screen1.bky,value,8,name,VALUE
Screen1.bky,mutation,10,component_type,Label,set_or_get,set,property_name,Text,is_generic,false,instance_name,lblCorrs
Screen1.bky,field,10,name,COMPONENT_SELECTOR
Screen1.bky,field,10,name,PROP
Screen1.bky,field,12,name,VAR
Screen1.bky,block,11,type,lexical_variable_get,id,#koPFL3hND2~Ie1C.K+F
Screen1.bky,value,10,name,VALUE
Screen1.bky,block,9,type,component_set_get,id,"I~9x%yUpP`:m,)T-LL`{"
Screen1.bky,next,8
Screen1.bky,block,7,type,component_set_get,id,"A3CSW1fx=r}}P,P5}sUj"
Screen1.bky,next,6
Screen1.bky,block,5,type,lexical_variable_set,id,":PaA%|LcUX]g:WEj,4z-"
Screen1.bky,next,4
Screen1.bky,block,3,type,lexical_variable_set,id,hMfX0Js.p*55PAI02a:?
Screen1.bky,statement,2,name,DO
Screen1.bky,block,1,type,component_event,id,Z7PFno+9swq`y/rS:ho7,x,710,y,70
Screen1.bky,field,2,name,NAME
Screen1.bky,field,4,name,TEXT
Screen1.bky,block,3,type,text,id,"h,3mXWnd:p*h2D@D,-cx"
Screen1.bky,value,2,name,VALUE
Screen1.bky,block,1,type,global_declaration,id,?Wsyi#3%{Y-~2bS7XMN(,x,1450,y,70
Screen1.bky,field,2,name,NAME
Screen1.bky,mutation,4,items,3
Screen1.bky,field,6,name,TEXT
Screen1.bky,block,5,type,text,id,{FVL.3Cy{y]~jOZBju_.
Screen1.bky,value,4,name,ADD0
Screen1.bky,field,6,name,TEXT
Screen1.bky,block,5,type,text,id,"X^G1pZRyFW)WQRdV.M,E"
Screen1.bky,value,4,name,ADD1
Screen1.bky,field,6,name,TEXT
Screen1.bky,block,5,type,text,id,0Fq].yWVl?!1[RHw%B|5
Screen1.bky,value,4,name,ADD2
Screen1.bky,block,3,type,text_join,id,ns%SkLpq2-9h]K]PGz@V
Screen1.bky,value,2,name,VALUE
Screen1.bky,block,1,type,global_declaration,id,"crjdB)K}4FTyOW4,!g)Q",x,1450,y,130
Screen1.bky,mutation,2,component_type,Button,instance_name,ecall,event_name,LongClick
Screen1.bky,field,2,name,COMPONENT_SELECTOR
Screen1.bky,comment,2,pinned,false,h,74,w,224
Screen1.bky,mutation,4,component_type,PhoneCall,set_or_get,set,property_name,PhoneNumber,is_generic,false,instance_name,eCall
Screen1.bky,field,4,name,COMPONENT_SELECTOR
Screen1.bky,field,4,name,PROP
Screen1.bky,mutation,6,component_type,TinyDB,method_name,GetValue,is_generic,false,instance_name,TinyDB1
Screen1.bky,field,6,name,COMPONENT_SELECTOR
Screen1.bky,field,8,name,TEXT
Screen1.bky,block,7,type,text,id,3Dn2wQQm7Wg`*UGUK2R|
Screen1.bky,value,6,name,ARG0
Screen1.bky,field,8,name,TEXT
Screen1.bky,block,7,type,text,id,~kKm*?TKoP;.TeG!NrZx
Screen1.bky,value,6,name,ARG1
Screen1.bky,block,5,type,component_method,id,W/3?!qiJUqVoqD_6z+Tz
Screen1.bky,value,4,name,VALUE
Screen1.bky,mutation,6,component_type,Texting,set_or_get,set,property_name,PhoneNumber,is_generic,false,instance_name,Texting1
Screen1.bky,field,6,name,COMPONENT_SELECTOR
Screen1.bky,field,6,name,PROP
Screen1.bky,mutation,8,component_type,TinyDB,method_name,GetValue,is_generic,false,instance_name,TinyDB1
Screen1.bky,field,8,name,COMPONENT_SELECTOR
Screen1.bky,field,10,name,TEXT
Screen1.bky,block,9,type,text,id,Og3~BOuE}b*p/?I7SJG1
Screen1.bky,value,8,name,ARG0
Screen1.bky,field,10,name,TEXT
Screen1.bky,block,9,type,text,id,"@#l$I1N6/EN~^^,dyhU5"
Screen1.bky,value,8,name,ARG1
Screen1.bky,block,7,type,component_method,id,MbEEsL?(dDn`sm7j:hm)
Screen1.bky,value,6,name,VALUE
Screen1.bky,mutation,8,component_type,Texting,set_or_get,set,property_name,Message,is_generic,false,instance_name,Texting1
Screen1.bky,field,8,name,COMPONENT_SELECTOR
Screen1.bky,field,8,name,PROP
Screen1.bky,mutation,10,items,7
Screen1.bky,mutation,12,component_type,TinyDB,method_name,GetValue,is_generic,false,instance_name,TinyDB1
Screen1.bky,field,12,name,COMPONENT_SELECTOR
Screen1.bky,field,14,name,TEXT
Screen1.bky,block,13,type,text,id,"h=Y,=FiFhv@q]x84Q)|?"
Screen1.bky,value,12,name,ARG0
Screen1.bky,field,14,name,TEXT
Screen1.bky,block,13,type,text,id,ZVjiEjCTUR[9Xq7-y8/m
Screen1.bky,value,12,name,ARG1
Screen1.bky,block,11,type,component_method,id,;//~O8d4W-D!O{(OF;B]
Screen1.bky,value,10,name,ADD0
Screen1.bky,mutation,12,component_type,Label,set_or_get,get,property_name,Text,is_generic,false,instance_name,lblLoc
Screen1.bky,field,12,name,COMPONENT_SELECTOR
Screen1.bky,field,12,name,PROP
Screen1.bky,block,11,type,component_set_get,id,~}S~@-6mnyXlM06pOBAC
Screen1.bky,value,10,name,ADD1
Screen1.bky,field,12,name,TEXT
Screen1.bky,block,11,type,text,id,zgJMCN[pE}/o)Th=6nQM
Screen1.bky,value,10,name,ADD2
Screen1.bky,field,12,name,TEXT
Screen1.bky,block,11,type,text,id,2b}Fg#2AM9P.g..Shp=@
Screen1.bky,value,10,name,ADD3
Screen1.bky,mutation,12,component_type,Label,set_or_get,get,property_name,Text,is_generic,false,instance_name,lblCorrs
Screen1.bky,field,12,name,COMPONENT_SELECTOR
Screen1.bky,field,12,name,PROP
Screen1.bky,block,11,type,component_set_get,id,{cf8Ee6U!W@pq]n9PPZ]
Screen1.bky,value,10,name,ADD4
Screen1.bky,field,12,name,TEXT
Screen1.bky,block,11,type,text,id,@o13a*4I=dKS=wz(K{53
Screen1.bky,value,10,name,ADD5
Screen1.bky,field,12,name,TEXT
Screen1.bky,block,11,type,text,id,"?^)yiS=m{,uLq^W+dT`J"
Screen1.bky,value,10,name,ADD6
Screen1.bky,block,9,type,text_join,id,"NIutz?=c;+.T,*a]^st]"
Screen1.bky,value,8,name,VALUE
Screen1.bky,mutation,10,component_type,Texting,method_name,SendMessage,is_generic,false,instance_name,Texting1
Screen1.bky,field,10,name,COMPONENT_SELECTOR
Screen1.bky,mutation,12,component_type,PhoneCall,method_name,MakePhoneCall,is_generic,false,instance_name,eCall
Screen1.bky,field,12,name,COMPONENT_SELECTOR
Screen1.bky,mutation,14,component_type,Sound,method_name,Vibrate,is_generic,false,instance_name,Sound1
Screen1.bky,field,14,name,COMPONENT_SELECTOR
Screen1.bky,field,16,name,NUM
Screen1.bky,block,15,type,math_number,id,EAVYm]([Jt1wtffmdS_I
Screen1.bky,value,14,name,ARG0
Screen1.bky,block,13,type,component_method,id,1^~~1v1PPxXk#dRI=?r*
Screen1.bky,next,12
Screen1.bky,block,11,type,component_method,id,r:p_[`O|bi.^3||Zb}!B
Screen1.bky,next,10
Screen1.bky,block,9,type,component_method,id,iqi18up`Y%?Ngq02AZR_
Screen1.bky,next,8
Screen1.bky,block,7,type,component_set_get,id,vcfiB5:R=[o$gPzNk9m0
Screen1.bky,next,6
Screen1.bky,block,5,type,component_set_get,id,o$Z#Oiv$?n5t$Bc#Jx1^
Screen1.bky,next,4
Screen1.bky,block,3,type,component_set_get,id,;!/GUvI{?m^z/K-B!@-e
Screen1.bky,statement,2,name,DO
Screen1.bky,block,1,type,component_event,id,!lT:.)k1Aycb1!E-2[+T,x,710,y,310
Screen1.bky,mutation,2,component_type,Form,instance_name,Screen1,event_name,BackPressed
Screen1.bky,field,2,name,COMPONENT_SELECTOR
Screen1.bky,comment,2,pinned,false,h,80,w,160
Screen1.bky,mutation,4,component_type,Notifier,method_name,ShowChooseDialog,is_generic,false,instance_name,AskB4Exit
Screen1.bky,field,4,name,COMPONENT_SELECTOR
Screen1.bky,field,6,name,TEXT
Screen1.bky,block,5,type,text,id,fA6X(Ew)5(yK:NL-U2pP
Screen1.bky,value,4,name,ARG0
Screen1.bky,field,6,name,TEXT
Screen1.bky,block,5,type,text,id,"^,`=8@E,n`MzDI)hJFvK"
Screen1.bky,value,4,name,ARG1
Screen1.bky,field,6,name,TEXT
Screen1.bky,block,5,type,text,id,bbJS[wveQ|z1+3?7s3Xx
Screen1.bky,value,4,name,ARG2
Screen1.bky,field,6,name,TEXT
Screen1.bky,block,5,type,text,id,i}T(T{g;mT]Q=wEgGNSZ
Screen1.bky,value,4,name,ARG3
Screen1.bky,field,6,name,BOOL
Screen1.bky,block,5,type,logic_boolean,id,C/Vou|wBG59LcE8KxhMK
Screen1.bky,value,4,name,ARG4
Screen1.bky,block,3,type,component_method,id,uzG?443p|%uS5~eXw7e#
Screen1.bky,statement,2,name,DO
Screen1.bky,block,1,type,component_event,id,M:Jukv^]Od6KTuMli.P?,x,-70,y,390
Screen1.bky,mutation,2,component_type,Notifier,instance_name,AskB4Exit,event_name,AfterChoosing
Screen1.bky,field,2,name,COMPONENT_SELECTOR
Screen1.bky,field,6,name,OP
Screen1.bky,eventparam,9,name,choice
Screen1.bky,mutation,8
Screen1.bky,field,8,name,VAR
Screen1.bky,block,7,type,lexical_variable_get,id,8|})un.ZnNvl7zC~ya/;
Screen1.bky,value,6,name,A
Screen1.bky,field,8,name,TEXT
Screen1.bky,block,7,type,text,id,QwO7i2pc/[{$Imbbv.uV
Screen1.bky,value,6,name,B
Screen1.bky,block,5,type,logic_compare,id,82IQ?6pgWv7|pm4/3VUS
Screen1.bky,value,4,name,IF0
Screen1.bky,block,5,type,controls_closeScreen,id,Lz~$!Y_=jv/ccC![.imk
Screen1.bky,statement,4,name,DO0
Screen1.bky,block,3,type,controls_if,id,`MX476n0T3/Iuo|OXbYw
Screen1.bky,statement,2,name,DO
Screen1.bky,block,1,type,component_event,id,"Jx,Xs]x;1ijghY]P.R1P",x,-470,y,430
Screen1.bky,mutation,2,component_type,Button,instance_name,MissMenu,event_name,Click
Screen1.bky,field,2,name,COMPONENT_SELECTOR
Screen1.bky,field,6,name,TEXT
Screen1.bky,block,5,type,text,id,Nl~@?fYAG:bS@Cv]-z/p
Screen1.bky,value,4,name,SCREEN
Screen1.bky,block,3,type,controls_openAnotherScreen,id,"3?-LYzx,E1@K,:A99:n2"
Screen1.bky,statement,2,name,DO
Screen1.bky,block,1,type,component_event,id,;u3Xb!=%`r5sRf=e]{=E,collapsed,true,x,750,y,890
Screen1.bky,mutation,2,component_type,Button,instance_name,INSTANT_911,event_name,Click
Screen1.bky,field,2,name,COMPONENT_SELECTOR
Screen1.bky,mutation,4,component_type,Notifier,method_name,ShowMessageDialog,is_generic,false,instance_name,Notifier1
Screen1.bky,field,4,name,COMPONENT_SELECTOR
Screen1.bky,field,6,name,TEXT
Screen1.bky,block,5,type,text,id,}GhIxs#}`?xY7}WeaGJ#
Screen1.bky,value,4,name,ARG0
Screen1.bky,field,6,name,TEXT
Screen1.bky,block,5,type,text,id,o)gnZtg]5=?1cvWaqPGp
Screen1.bky,value,4,name,ARG1
Screen1.bky,field,6,name,TEXT
Screen1.bky,block,5,type,text,id,q1rbihc~f=7F{8/%t.!D
Screen1.bky,value,4,name,ARG2
Screen1.bky,block,3,type,component_method,id,U_]E}9SPRF;(3w;`yKn2
Screen1.bky,statement,2,name,DO
Screen1.bky,block,1,type,component_event,id,8q@-+GzR^~MV4@yPr;`i,x,-290,y,950
Screen1.bky,mutation,2,component_type,Button,instance_name,gotosettings,event_name,Click
Screen1.bky,field,2,name,COMPONENT_SELECTOR
Screen1.bky,field,6,name,TEXT
Screen1.bky,block,5,type,text,id,I.D~}a$w/Qg0@i(}P3JR
Screen1.bky,value,4,name,SCREEN
Screen1.bky,block,3,type,controls_openAnotherScreen,id,j%b7O5p[4*jax/b53vKh
Screen1.bky,statement,2,name,DO
Screen1.bky,block,1,type,component_event,id,"R*zoL;,XQ,*dvPb;J@`g",collapsed,true,x,750,y,930
Screen1.bky,mutation,2,component_type,Button,instance_name,Help,event_name,Click
Screen1.bky,field,2,name,COMPONENT_SELECTOR
Screen1.bky,field,6,name,TEXT
Screen1.bky,block,5,type,text,id,"7eNIzBa;,lUDV?9V)P%8"
Screen1.bky,value,4,name,SCREEN
Screen1.bky,block,3,type,controls_openAnotherScreen,id,BxUZh1ISbO|wcF}^#EXJ
Screen1.bky,statement,2,name,DO
Screen1.bky,block,1,type,component_event,id,z!dIQBy(]ea.Z{yXvV`5,collapsed,true,x,750,y,990
Screen1.bky,mutation,2,component_type,Notifier,method_name,ShowChooseDialog,is_generic,false,instance_name,Ver911
Screen1.bky,field,2,name,COMPONENT_SELECTOR
Screen1.bky,field,4,name,TEXT
Screen1.bky,block,3,type,text,id,NaPTD)yYh[+G[dBNO.7_
Screen1.bky,value,2,name,ARG0
Screen1.bky,field,4,name,TEXT
Screen1.bky,block,3,type,text,id,"SsE:)RX:,TI#LG,pCs5D"
Screen1.bky,value,2,name,ARG1
Screen1.bky,field,4,name,TEXT
Screen1.bky,block,3,type,text,id,Qk:FGLTHs/U5pbV`yn@#
Screen1.bky,value,2,name,ARG2
Screen1.bky,field,4,name,TEXT
Screen1.bky,block,3,type,text,id,"OQEh`,c4yE{hFgcU!+kt"
Screen1.bky,value,2,name,ARG3
Screen1.bky,field,4,name,BOOL
Screen1.bky,block,3,type,logic_boolean,id,e(wZ1dM5Ux#jq8UHVi}m
Screen1.bky,value,2,name,ARG4
Screen1.bky,block,1,type,component_method,id,YRSzP9g[^Lp87]V$XPUx,disabled,true,x,-290,y,1110
Screen1.bky,mutation,2,component_type,Notifier,instance_name,Ver911,event_name,AfterChoosing
Screen1.bky,field,2,name,COMPONENT_SELECTOR
Screen1.bky,comment,2,pinned,false,h,80,w,160
Screen1.bky,block,1,type,component_event,id,Xz:Hwc:k9_DnIr3[k9mg,disabled,true,x,370,y,1110
Screen1.bky,field,4,name,OP
Screen1.bky,field,6,name,VAR
Screen1.bky,block,5,type,lexical_variable_get,id,.bUxpWWl7Q2[SHs2IgON
Screen1.bky,value,4,name,A
Screen1.bky,field,6,name,TEXT
Screen1.bky,block,5,type,text,id,$ZBl]X*xR$Y0:D-Xkv1~
Screen1.bky,value,4,name,B
Screen1.bky,block,3,type,logic_compare,id,RHc5(9tQx+/KPa-#78z6
Screen1.bky,value,2,name,IF0
Screen1.bky,mutation,4,component_type,PhoneCall,set_or_get,set,property_name,PhoneNumber,is_generic,false,instance_name,call911
Screen1.bky,field,4,name,COMPONENT_SELECTOR
Screen1.bky,field,4,name,PROP
Screen1.bky,field,6,name,TEXT
Screen1.bky,block,5,type,text,id,9]t9A_Q^-do2uwmBB;BO
Screen1.bky,value,4,name,VALUE
Screen1.bky,mutation,6,component_type,PhoneCall,method_name,MakePhoneCall,is_generic,false,instance_name,call911
Screen1.bky,field,6,name,COMPONENT_SELECTOR
Screen1.bky,block,5,type,component_method,id,"P=,e-_|{mAO2Q9th,Z|b"
Screen1.bky,next,4
Screen1.bky,block,3,type,component_set_get,id,i8rC~CbVi}c%wdn$Pn.+
Screen1.bky,statement,2,name,DO0
Screen1.bky,block,1,type,controls_if,id,7v+eMnEmmsyRBfE=q;7@,disabled,true,x,370,y,1210
Screen1.bky,yacodeblocks,1,ya-version,173,language-version,22
Screen1.bky,xml,0,xmlns,http://www.w3.org/1999/xhtml
Settings.bky,mutation,2,component_type,Button,instance_name,btnPickMsg,event_name,Click
Settings.bky,field,2,name,COMPONENT_SELECTOR
Settings.bky,mutation,4,component_type,ListPicker,set_or_get,set,property_name,Elements,is_generic,false,instance_name,MsgList
Settings.bky,field,4,name,COMPONENT_SELECTOR
Settings.bky,field,4,name,PROP
Settings.bky,field,6,name,VAR
Settings.bky,block,5,type,lexical_variable_get,id,BZ`~5?s%s{$##.NF:qIR
Settings.bky,value,4,name,VALUE
Settings.bky,mutation,6,component_type,ListPicker,method_name,Open,is_generic,false,instance_name,MsgList
Settings.bky,field,6,name,COMPONENT_SELECTOR
Settings.bky,block,5,type,component_method,id,_[;1-s!FfhpLTOT;:Qj`
Settings.bky,next,4
Settings.bky,block,3,type,component_set_get,id,Lb+.Fmd$pO9DZE%-%[hb
Settings.bky,statement,2,name,DO
Settings.bky,block,1,type,component_event,id,$`;oPb|jb=EGV]@ba!Q_,x,-430,y,10
Settings.bky,mutation,2,component_type,Button,instance_name,Button1,event_name,Click
Settings.bky,field,2,name,COMPONENT_SELECTOR
Settings.bky,block,3,type,controls_closeScreen,id,i{QMTz^rF9]85lSuIxC0
Settings.bky,statement,2,name,DO
Settings.bky,block,1,type,component_event,id,+6fHO4/drQWyL5%i!M6%,x,-430,y,130
Settings.bky,mutation,2,component_type,Form,instance_name,Settings,event_name,BackPressed
Settings.bky,field,2,name,COMPONENT_SELECTOR
Settings.bky,block,3,type,controls_closeScreen,id,_h#[JxfB3a(WY^WUPzKi
Settings.bky,statement,2,name,DO
Settings.bky,block,1,type,component_event,id,4Hg6BNTQTBsN{fjtIRq`,x,570,y,110
Settings.bky,mutation,2,component_type,ContactPicker,instance_name,ContactPicker1,event_name,AfterPicking
Settings.bky,field,2,name,COMPONENT_SELECTOR
Settings.bky,mutation,4,component_type,TinyDB,method_name,StoreValue,is_generic,false,instance_name,TinyDB1
Settings.bky,field,4,name,COMPONENT_SELECTOR
Settings.bky,field,6,name,TEXT
Settings.bky,block,5,type,text,id,Pq_9bVN(3I4?GyvG.F@*
Settings.bky,value,4,name,ARG0
Settings.bky,mutation,6,component_type,ContactPicker,set_or_get,get,property_name,PhoneNumber,is_generic,false,instance_name,ContactPicker1
Settings.bky,field,6,name,COMPONENT_SELECTOR
Settings.bky,field,6,name,PROP
Settings.bky,block,5,type,component_set_get,id,"^K.+{D#VMYzTt7b5,.Fb"
Settings.bky,value,4,name,ARG1
Settings.bky,mutation,6,component_type,TinyDB,method_name,StoreValue,is_generic,false,instance_name,TinyDB1
Settings.bky,field,6,name,COMPONENT_SELECTOR
Settings.bky,field,8,name,TEXT
Settings.bky,block,7,type,text,id,;]N:#k%S~E4PavnM:21#
Settings.bky,value,6,name,ARG0
Settings.bky,mutation,8,component_type,ContactPicker,set_or_get,get,property_name,ContactName,is_generic,false,instance_name,ContactPicker1
Settings.bky,field,8,name,COMPONENT_SELECTOR
Settings.bky,field,8,name,PROP
Settings.bky,block,7,type,component_set_get,id,"qnH8f`1BJ/$,u7!Dg+)$"
Settings.bky,value,6,name,ARG1
Settings.bky,mutation,8,component_type,Label,set_or_get,set,property_name,Text,is_generic,false,instance_name,lblNum
Settings.bky,field,8,name,COMPONENT_SELECTOR
Settings.bky,field,8,name,PROP
Settings.bky,mutation,10,component_type,TinyDB,method_name,GetValue,is_generic,false,instance_name,TinyDB1
Settings.bky,field,10,name,COMPONENT_SELECTOR
Settings.bky,field,12,name,TEXT
Settings.bky,block,11,type,text,id,NSMha*Ti:O$+xLTPE[uo
Settings.bky,value,10,name,ARG0
Settings.bky,field,12,name,TEXT
Settings.bky,block,11,type,text,id,"eO).S4dZyrmXnj,dp3@:"
Settings.bky,value,10,name,ARG1
Settings.bky,block,9,type,component_method,id,?Q1R!A?8~S0hhJCl6SlK
Settings.bky,value,8,name,VALUE
Settings.bky,mutation,10,component_type,Label,set_or_get,set,property_name,Text,is_generic,false,instance_name,lblName
Settings.bky,field,10,name,COMPONENT_SELECTOR
Settings.bky,field,10,name,PROP
Settings.bky,mutation,12,component_type,TinyDB,method_name,GetValue,is_generic,false,instance_name,TinyDB1
Settings.bky,field,12,name,COMPONENT_SELECTOR
Settings.bky,field,14,name,TEXT
Settings.bky,block,13,type,text,id,y2|@y!a6Bbmx3XvuLijk
Settings.bky,value,12,name,ARG0
Settings.bky,field,14,name,TEXT
Settings.bky,block,13,type,text,id,nCi#QIUVdPGey[ENQf;0
Settings.bky,value,12,name,ARG1
Settings.bky,block,11,type,component_method,id,#13EspxXYzl2U5)9_[oj
Settings.bky,value,10,name,VALUE
Settings.bky,mutation,12,component_type,Notifier,method_name,ShowAlert,is_generic,false,instance_name,Notifier1
Settings.bky,field,12,name,COMPONENT_SELECTOR
Settings.bky,field,14,name,TEXT
Settings.bky,block,13,type,text,id,%swUCcbnpC*27Gvp(crJ
Settings.bky,value,12,name,ARG0
Settings.bky,block,11,type,component_method,id,rG2G5$O*7N$vqArc/O9k
Settings.bky,next,10
Settings.bky,block,9,type,component_set_get,id,G(FEZD73Q~3Xc!jIDWS+
Settings.bky,next,8
Settings.bky,block,7,type,component_set_get,id,"(nO!~IcZD,JVgA727)LX"
Settings.bky,next,6
Settings.bky,block,5,type,component_method,id,+kmKw?`me1?EvL[$]bUM
Settings.bky,next,4
Settings.bky,block,3,type,component_method,id,*fU%O?convGa1/abIe3h
Settings.bky,statement,2,name,DO
Settings.bky,block,1,type,component_event,id,Uiw72bBk.!ib^qExwH**,x,-430,y,210
Settings.bky,mutation,2,component_type,Form,instance_name,Settings,event_name,Initialize
Settings.bky,field,2,name,COMPONENT_SELECTOR
Settings.bky,mutation,4,component_type,Label,set_or_get,set,property_name,Text,is_generic,false,instance_name,DefultMsg
Settings.bky,field,4,name,COMPONENT_SELECTOR
Settings.bky,field,4,name,PROP
Settings.bky,mutation,6,component_type,TinyDB,method_name,GetValue,is_generic,false,instance_name,TinyDB1
Settings.bky,field,6,name,COMPONENT_SELECTOR
Settings.bky,field,8,name,TEXT
Settings.bky,block,7,type,text,id,^QfLg#u5PK]Xm7)H)shk
Settings.bky,value,6,name,ARG0
Settings.bky,field,8,name,TEXT
Settings.bky,block,7,type,text,id,uA}p6AkfR/fQPz2=OT0/
Settings.bky,value,6,name,ARG1
Settings.bky,block,5,type,component_method,id,"Kd;C=}ScO,DaRLTy06IX"
Settings.bky,value,4,name,VALUE
Settings.bky,mutation,6,component_type,Label,set_or_get,set,property_name,Text,is_generic,false,instance_name,lblNum
Settings.bky,field,6,name,COMPONENT_SELECTOR
Settings.bky,field,6,name,PROP
Settings.bky,mutation,8,component_type,TinyDB,method_name,GetValue,is_generic,false,instance_name,TinyDB1
Settings.bky,field,8,name,COMPONENT_SELECTOR
Settings.bky,field,10,name,TEXT
Settings.bky,block,9,type,text,id,|RkSza=(L@EP$op#L|kp
Settings.bky,value,8,name,ARG0
Settings.bky,field,10,name,TEXT
Settings.bky,block,9,type,text,id,.E{BC@.c;0|Ik%3^{0Lc
Settings.bky,value,8,name,ARG1
Settings.bky,block,7,type,component_method,id,=M^?7{U!Qx%a2+@Aq@~_
Settings.bky,value,6,name,VALUE
Settings.bky,mutation,8,component_type,Label,set_or_get,set,property_name,Text,is_generic,false,instance_name,lblName
Settings.bky,field,8,name,COMPONENT_SELECTOR
Settings.bky,field,8,name,PROP
Settings.bky,mutation,10,component_type,TinyDB,method_name,GetValue,is_generic,false,instance_name,TinyDB1
Settings.bky,field,10,name,COMPONENT_SELECTOR
Settings.bky,field,12,name,TEXT
Settings.bky,block,11,type,text,id,"bNcSsycBD%;F]NAP6D,f"
Settings.bky,value,10,name,ARG0
Settings.bky,field,12,name,TEXT
Settings.bky,block,11,type,text,id,"Y,2ezvz/9K:r3oRM6G9T"
Settings.bky,value,10,name,ARG1
Settings.bky,block,9,type,component_method,id,KdxfGAsnqvOAAHVqrQRO
Settings.bky,value,8,name,VALUE
Settings.bky,block,7,type,component_set_get,id,")5:2_,ZK|oW?V`d9CRO-"
Settings.bky,next,6
Settings.bky,block,5,type,component_set_get,id,"rpK{~^~Z,?R0HYbKgXBx"
Settings.bky,next,4
Settings.bky,block,3,type,component_set_get,id,"]Z+$KX+:dfcFus4A,SQV"
Settings.bky,statement,2,name,DO
Settings.bky,block,1,type,component_event,id,=+oKDbHuMO`:S})jX3M1,x,550,y,190
Settings.bky,mutation,2,component_type,Button,instance_name,updMSG,event_name,Click
Settings.bky,field,2,name,COMPONENT_SELECTOR
Settings.bky,field,6,name,OP
Settings.bky,mutation,8,component_type,TextBox,set_or_get,get,property_name,Text,is_generic,false,instance_name,txtBcusMsg
Settings.bky,field,8,name,COMPONENT_SELECTOR
Settings.bky,field,8,name,PROP
Settings.bky,block,7,type,component_set_get,id,y%!$Rfrml=E(awCq2S!R
Settings.bky,value,6,name,A
Settings.bky,field,8,name,TEXT
Settings.bky,block,7,type,text,id,y`|QEW}.kqnqYs94xXHP
Settings.bky,value,6,name,B
Settings.bky,block,5,type,logic_compare,id,"?vul0%0l{4U.LF[7,9~P"
Settings.bky,value,4,name,IF0
Settings.bky,mutation,6,component_type,Notifier,method_name,ShowAlert,is_generic,false,instance_name,Notifier1
Settings.bky,field,6,name,COMPONENT_SELECTOR
Settings.bky,field,8,name,TEXT
Settings.bky,block,7,type,text,id,Ce01ZYbM?njE@{{psGO`
Settings.bky,value,6,name,ARG0
Settings.bky,mutation,8,component_type,Label,set_or_get,set,property_name,Text,is_generic,false,instance_name,DefultMsg
Settings.bky,field,8,name,COMPONENT_SELECTOR
Settings.bky,field,8,name,PROP
Settings.bky,field,10,name,TEXT
Settings.bky,block,9,type,text,id,?!I#vGXL{t8Zf71xi@P;
Settings.bky,value,8,name,VALUE
Settings.bky,mutation,10,component_type,TinyDB,method_name,StoreValue,is_generic,false,instance_name,TinyDB1
Settings.bky,field,10,name,COMPONENT_SELECTOR
Settings.bky,field,12,name,TEXT
Settings.bky,block,11,type,text,id,#$*b;RC.c(J+YEQ/If_L
Settings.bky,value,10,name,ARG0
Settings.bky,field,12,name,TEXT
Settings.bky,block,11,type,text,id,t{$SOAPc(F$D~#3DkzXS
Settings.bky,value,10,name,ARG1
Settings.bky,block,9,type,component_method,id,^Annd7/a%c/MJO%m4Z4r
Settings.bky,next,8
Settings.bky,block,7,type,component_set_get,id,"+:?VAZ3mF8~;ot2,d~k0"
Settings.bky,next,6
Settings.bky,block,5,type,component_method,id,3I^O^${-z5tA5NX2-64c
Settings.bky,statement,4,name,DO0
Settings.bky,mutation,6,component_type,TinyDB,method_name,StoreValue,is_generic,false,instance_name,TinyDB1
Settings.bky,field,6,name,COMPONENT_SELECTOR
Settings.bky,field,8,name,TEXT
Settings.bky,block,7,type,text,id,:jUO[E)pz03xr`27y0ob
Settings.bky,value,6,name,ARG0
Settings.bky,mutation,8,component_type,TextBox,set_or_get,get,property_name,Text,is_generic,false,instance_name,txtBcusMsg
Settings.bky,field,8,name,COMPONENT_SELECTOR
Settings.bky,field,8,name,PROP
Settings.bky,block,7,type,component_set_get,id,oFTagAF[tzYiPd@?B]co
Settings.bky,value,6,name,ARG1
Settings.bky,mutation,8,component_type,Label,set_or_get,set,property_name,Text,is_generic,false,instance_name,DefultMsg
Settings.bky,field,8,name,COMPONENT_SELECTOR
Settings.bky,field,8,name,PROP
Settings.bky,mutation,10,component_type,TinyDB,method_name,GetValue,is_generic,false,instance_name,TinyDB1
Settings.bky,field,10,name,COMPONENT_SELECTOR
Settings.bky,field,12,name,TEXT
Settings.bky,block,11,type,text,id,bget316e_#Bf_hhJ4wbV
Settings.bky,value,10,name,ARG0
Settings.bky,field,12,name,TEXT
Settings.bky,block,11,type,text,id,VB}]M@4NeTNJ=r/MUk`1
Settings.bky,value,10,name,ARG1
Settings.bky,block,9,type,component_method,id,"Ac6,cy-.3%A)2WtV_^)O"
Settings.bky,value,8,name,VALUE
Settings.bky,mutation,10,component_type,Notifier,method_name,ShowAlert,is_generic,false,instance_name,Notifier1
Settings.bky,field,10,name,COMPONENT_SELECTOR
Settings.bky,field,12,name,TEXT
Settings.bky,block,11,type,text,id,-F*wTD)THjA]=so$Gh3H
Settings.bky,value,10,name,ARG0
Settings.bky,block,9,type,component_method,id,p_{5NLLi_5%KH]X$2koM
Settings.bky,next,8
Settings.bky,block,7,type,component_set_get,id,"7Yf:`m,=I/K=6f!m2u`F"
Settings.bky,next,6
Settings.bky,block,5,type,component_method,id,zj|8{z@?ib*RlB16!^92
Settings.bky,next,4
Settings.bky,block,3,type,controls_if,id,7fk[U+ululev#Kb:2pI6
Settings.bky,statement,2,name,DO
Settings.bky,block,1,type,component_event,id,C:]m_SwI$[z*}Z-o^9hw,x,550,y,490
Settings.bky,mutation,2,component_type,ListPicker,instance_name,MsgList,event_name,AfterPicking
Settings.bky,field,2,name,COMPONENT_SELECTOR
Settings.bky,mutation,4,component_type,Label,set_or_get,set,property_name,Text,is_generic,false,instance_name,DefultMsg
Settings.bky,field,4,name,COMPONENT_SELECTOR
Settings.bky,field,4,name,PROP
Settings.bky,mutation,6,component_type,ListPicker,set_or_get,get,property_name,Selection,is_generic,false,instance_name,MsgList
Settings.bky,field,6,name,COMPONENT_SELECTOR
Settings.bky,field,6,name,PROP
Settings.bky,block,5,type,component_set_get,id,[aW#59V#BnIDjN[$-!f)
Settings.bky,value,4,name,VALUE
Settings.bky,mutation,6,component_type,TinyDB,method_name,StoreValue,is_generic,false,instance_name,TinyDB1
Settings.bky,field,6,name,COMPONENT_SELECTOR
Settings.bky,field,8,name,TEXT
Settings.bky,block,7,type,text,id,(#=);4lsvkutiO9sKiR.
Settings.bky,value,6,name,ARG0
Settings.bky,mutation,8,component_type,ListPicker,set_or_get,get,property_name,Selection,is_generic,false,instance_name,MsgList
Settings.bky,field,8,name,COMPONENT_SELECTOR
Settings.bky,field,8,name,PROP
Settings.bky,block,7,type,component_set_get,id,-HLse2vHAWmtXS_|[X+r
Settings.bky,value,6,name,ARG1
Settings.bky,mutation,8,component_type,Notifier,method_name,ShowAlert,is_generic,false,instance_name,Notifier1
Settings.bky,field,8,name,COMPONENT_SELECTOR
Settings.bky,field,10,name,TEXT
Settings.bky,block,9,type,text,id,QeD5q2:dToWoXR;UEUw8
Settings.bky,value,8,name,ARG0
Settings.bky,block,7,type,component_method,id,yon_r6{$f49E@%PiG#QS
Settings.bky,next,6
Settings.bky,block,5,type,component_method,id,cTa|/yk$=f~-Hf[!PheA
Settings.bky,next,4
Settings.bky,block,3,type,component_set_get,id,"xegGQQv{1,p}ROq2ANQf"
Settings.bky,statement,2,name,DO
Settings.bky,block,1,type,component_event,id,nx}[=2cMOUz7gz7Ti=ci,x,-430,y,630
Settings.bky,field,2,name,NAME
Settings.bky,mutation,4,items,6
Settings.bky,field,6,name,TEXT
Settings.bky,block,5,type,text,id,.zOCWlCfax648Nb=+-]N
Settings.bky,value,4,name,ADD0
Settings.bky,field,6,name,TEXT
Settings.bky,block,5,type,text,id,E$uD(}~|D)[A-uvyH703
Settings.bky,value,4,name,ADD1
Settings.bky,field,6,name,TEXT
Settings.bky,block,5,type,text,id,Z`-j--J;lQTBdjDyLhTm
Settings.bky,value,4,name,ADD2
Settings.bky,field,6,name,TEXT
Settings.bky,block,5,type,text,id,c[tWwxvC1X4%Fh!@`//@
Settings.bky,value,4,name,ADD3
Settings.bky,field,6,name,TEXT
Settings.bky,block,5,type,text,id,G1hpnj=%V8.G3At=bA7/
Settings.bky,value,4,name,ADD4
Settings.bky,field,6,name,TEXT
Settings.bky,block,5,type,text,id,qb`rU`MD-J|^@:lCH[D=
Settings.bky,value,4,name,ADD5
Settings.bky,block,3,type,lists_create_with,id,)Q6Mfs`Th(PP7O#l~xp1
Settings.bky,value,2,name,VALUE
Settings.bky,block,1,type,global_declaration,id,V1[L9$b-b8Bse4|Gd4SM,x,-430,y,850
Settings.bky,yacodeblocks,1,ya-version,173,language-version,22
Settings.bky,xml,0,xmlns,http://www.w3.org/1999/xhtml
Weather.bky,mutation,2,component_type,Button,instance_name,btnBck,event_name,Click
Weather.bky,field,2,name,COMPONENT_SELECTOR
Weather.bky,block,3,type,controls_closeScreen,id,.7y(*.;FS:pGcZ|6QT3?
Weather.bky,statement,2,name,DO
Weather.bky,block,1,type,component_event,id,fn.$bwcyiVcHG1rx0}0`,x,-1250,y,-370
Weather.bky,mutation,2,component_type,Button,instance_name,btnPS,event_name,Click
Weather.bky,field,2,name,COMPONENT_SELECTOR
Weather.bky,mutation,4,component_type,WebViewer,set_or_get,set,property_name,HomeUrl,is_generic,false,instance_name,WebViewer1
Weather.bky,field,4,name,COMPONENT_SELECTOR
Weather.bky,field,4,name,PROP
Weather.bky,field,6,name,TEXT
Weather.bky,block,5,type,text,id,g$biv+u(6n.DYJy~3R[q
Weather.bky,value,4,name,VALUE
Weather.bky,block,3,type,component_set_get,id,^c0^)RaX.pVRb{~5:$MN
Weather.bky,statement,2,name,DO
Weather.bky,block,1,type,component_event,id,%3n!b~0Q5eXsJem|LLL#,x,-1090,y,-370
Weather.bky,mutation,2,component_type,Form,instance_name,Weather,event_name,BackPressed
Weather.bky,field,2,name,COMPONENT_SELECTOR
Weather.bky,block,3,type,controls_closeScreen,id,"_aT,E-?@R0:y#i8IJJ/I"
Weather.bky,statement,2,name,DO
Weather.bky,block,1,type,component_event,id,oDRmcJ}r4LJIw2W*gWh:,x,-1250,y,-310
Weather.bky,mutation,2,component_type,Button,instance_name,btnHos,event_name,Click
Weather.bky,field,2,name,COMPONENT_SELECTOR
Weather.bky,mutation,4,component_type,WebViewer,set_or_get,set,property_name,HomeUrl,is_generic,false,instance_name,WebViewer1
Weather.bky,field,4,name,COMPONENT_SELECTOR
Weather.bky,field,4,name,PROP
Weather.bky,field,6,name,TEXT
Weather.bky,block,5,type,text,id,h]f^bfT?j2li?*8cwolr
Weather.bky,value,4,name,VALUE
Weather.bky,block,3,type,component_set_get,id,{B`9VlYmRF.un7!1_^jS
Weather.bky,statement,2,name,DO
Weather.bky,block,1,type,component_event,id,~0WhWnQ5u45$(t-vDS{J,x,-1090,y,-290
Weather.bky,mutation,2,component_type,Button,instance_name,btnFS,event_name,Click
Weather.bky,field,2,name,COMPONENT_SELECTOR
Weather.bky,mutation,4,component_type,WebViewer,set_or_get,set,property_name,HomeUrl,is_generic,false,instance_name,WebViewer1
Weather.bky,field,4,name,COMPONENT_SELECTOR
Weather.bky,field,4,name,PROP
Weather.bky,field,6,name,TEXT
Weather.bky,block,5,type,text,id,=zhTnz-:SVX{`0Zc7Ucq
Weather.bky,value,4,name,VALUE
Weather.bky,block,3,type,component_set_get,id,PgWn3^a+XSi{U_t^(D/L
Weather.bky,statement,2,name,DO
Weather.bky,block,1,type,component_event,id,i87h|pvK88SM@29pM2~O,x,-1090,y,-210
Weather.bky,mutation,2,component_type,Button,instance_name,btnWea,event_name,Click
Weather.bky,field,2,name,COMPONENT_SELECTOR
Weather.bky,mutation,4,component_type,WebViewer,set_or_get,set,property_name,HomeUrl,is_generic,false,instance_name,WebViewer1
Weather.bky,field,4,name,COMPONENT_SELECTOR
Weather.bky,field,4,name,PROP
Weather.bky,field,6,name,TEXT
Weather.bky,block,5,type,text,id,N!]k0um)@/ihUELtd|^Q
Weather.bky,value,4,name,VALUE
Weather.bky,block,3,type,component_set_get,id,JkfRy)[DqaP`g;$deXx%
Weather.bky,statement,2,name,DO
Weather.bky,block,1,type,component_event,id,pUJVK$[]elA74.b)yDX;,x,-1090,y,-130
Weather.bky,yacodeblocks,1,ya-version,173,language-version,22
Weather.bky,xml,0,xmlns,http://www.w3.org/1999/xhtml
